n,n*n,n_direct,n_iterative
2,4,0.23952341079711914,0.12351298332214355
4,16,0.29485201835632324,0.6867077350616455
8,64,0.2546823024749756,3.8147106170654297
